customer_id,customer_name,age,gender,city,signup_date
1,Arun Kumar,19,Other,Chennai,2022-07-10
2,Ananya Singh,24,Other,Jaipur,2022-03-09
3,Manish Agarwal,20,Male,Delhi,2022-06-19
4,Ananya Bose,56,Male,Jaipur,2022-06-04
5,Vijay Das,44,Male,Ahmedabad,2023-04-03
6,Rohan Sharma,28,Other,Kolkata,2022-09-22
7,Rohan Singh,31,Female,Delhi,2022-03-14
8,Kiran Kumar,40,Female,Surat,2022-07-25
9,Pallavi Patel,47,Other,Delhi,2022-10-22
10,Rahul Das,36,Other,Surat,2022-10-08
11,Manish Iyer,22,Male,Hyderabad,2022-08-13
12,Rahul Gupta,24,Female,Chennai,2022-12-19
13,Arun Pillai,28,Female,Pune,2022-06-12
14,Lakshmi Joshi,59,Male,Surat,2023-05-09
15,Pooja Das,33,Male,Ahmedabad,2022-10-22
16,Rohan Das,32,Other,Pune,2022-02-13
17,Ananya Patel,38,Female,Chennai,2022-02-21
18,Vikram Shah,38,Male,Ahmedabad,2022-11-04
19,Sanjay Mishra,27,Female,Bangalore,2022-07-11
20,Sindhu Das,52,Female,Surat,2022-11-29
21,Sanjay Shah,43,Female,Hyderabad,2022-04-18
22,Deepak Chopra,23,Male,Delhi,2022-04-29
23,Arun Nair,45,Other,Delhi,2022-10-26
24,Kiran Malhotra,47,Other,Chennai,2023-03-06
25,Asha Sharma,25,Other,Jaipur,2022-07-27
26,Rajesh Rao,25,Female,Kolkata,2022-05-03
27,Suresh Sharma,34,Other,Bangalore,2023-01-30
28,Rekha Kumar,58,Female,Jaipur,2023-04-19
29,Vikram Singh,41,Male,Jaipur,2023-02-16
30,Rekha Sharma,56,Female,Ahmedabad,2022-01-16
31,Sneha Pillai,37,Male,Mumbai,2022-07-07
32,Sanjay Shah,23,Male,Ahmedabad,2022-02-23
33,Rajesh Das,26,Male,Ahmedabad,2023-03-04
34,Pooja Joshi,51,Other,Kolkata,2022-06-14
35,Rekha Das,30,Other,Chennai,2022-11-06
36,Lakshmi Pillai,46,Other,Ahmedabad,2022-04-04
37,Ananya Gupta,22,Female,Mumbai,2023-04-02
38,Kavya Gupta,55,Male,Mumbai,2022-02-25
39,Vijay Patel,32,Male,Mumbai,2022-09-14
40,Rahul Bose,33,Female,Ahmedabad,2022-06-16
41,Kavya Singh,54,Other,Ahmedabad,2022-07-08
42,Pallavi Chopra,44,Male,Delhi,2022-03-17
43,Lakshmi Agarwal,40,Female,Kolkata,2022-12-29
44,Asha Patel,59,Other,Delhi,2022-02-17
45,Kiran Rao,24,Male,Hyderabad,2022-05-28
46,Kavya Mishra,26,Female,Bangalore,2022-08-05
47,Suresh Gupta,22,Female,Jaipur,2022-03-18
48,Priya Das,18,Male,Hyderabad,2022-05-10
49,Nisha Chopra,48,Male,Kolkata,2022-02-15
50,Pooja Verma,18,Female,Chennai,2022-12-20
51,Divya Agarwal,53,Other,Ahmedabad,2022-05-01
52,Vikram Mehta,31,Male,Surat,2023-02-26
53,Priya Rao,21,Male,Surat,2023-01-06
54,Deepak Bose,28,Male,Jaipur,2022-03-04
55,Asha Nair,22,Other,Delhi,2023-06-09
56,Asha Gupta,43,Male,Surat,2022-07-11
57,Manish Malhotra,20,Other,Delhi,2022-11-22
58,Lakshmi Shah,54,Other,Pune,2022-07-22
59,Vikram Rao,33,Female,Kolkata,2022-04-12
60,Lakshmi Mehta,47,Female,Delhi,2022-01-08
61,Suresh Malhotra,54,Male,Delhi,2023-02-22
62,Vikram Bose,34,Male,Pune,2022-02-23
63,Sanjay Gupta,41,Female,Bangalore,2022-12-07
64,Naveen Das,37,Other,Jaipur,2022-01-07
65,Lakshmi Das,37,Other,Delhi,2022-04-15
66,Rohan Kumar,24,Other,Jaipur,2022-05-01
67,Rohan Mehta,56,Male,Pune,2022-06-08
68,Lakshmi Joshi,50,Female,Chennai,2022-02-09
69,Rahul Agarwal,35,Male,Mumbai,2022-09-17
70,Rajesh Singh,58,Female,Bangalore,2022-12-10
71,Kavya Agarwal,53,Male,Delhi,2022-02-28
72,Sanjay Singh,52,Male,Pune,2023-03-29
73,Kavya Singh,45,Male,Mumbai,2022-08-28
74,Meera Patel,40,Male,Hyderabad,2023-06-03
75,Sneha Pillai,53,Female,Surat,2022-05-01
76,Rekha Gupta,28,Male,Kolkata,2022-01-20
77,Pooja Rao,44,Other,Hyderabad,2022-07-27
78,Pooja Kumar,42,Male,Ahmedabad,2022-06-22
79,Vikram Mishra,40,Female,Hyderabad,2022-06-23
80,Aarav Iyer,43,Female,Chennai,2022-02-23
81,Rajesh Joshi,40,Other,Jaipur,2022-11-07
82,Lakshmi Das,39,Male,Delhi,2022-07-22
83,Pooja Shah,34,Male,Delhi,2023-04-09
84,Nisha Pillai,38,Female,Surat,2023-02-02
85,Sneha Verma,54,Male,Chennai,2022-02-04
86,Vijay Agarwal,18,Other,Jaipur,2023-06-18
87,Sindhu Iyer,41,Female,Delhi,2023-05-31
88,Rekha Rao,57,Female,Delhi,2022-08-22
89,Deepak Mehta,60,Female,Pune,2022-11-09
90,Vijay Mehta,53,Male,Hyderabad,2022-11-23
91,Lakshmi Verma,29,Other,Surat,2022-08-22
92,Kiran Das,18,Female,Chennai,2022-06-13
93,Nisha Shah,56,Other,Pune,2022-12-28
94,Suresh Mishra,31,Other,Ahmedabad,2022-05-12
95,Lakshmi Reddy,36,Other,Surat,2022-09-18
96,Rahul Gupta,37,Male,Hyderabad,2022-04-25
97,Aarav Patel,33,Female,Surat,2022-02-26
98,Suresh Agarwal,58,Other,Hyderabad,2023-06-25
99,Kiran Chopra,43,Male,Bangalore,2023-05-25
100,Vijay Sharma,24,Female,Hyderabad,2022-05-17
101,Pallavi Bose,47,Male,Jaipur,2022-07-13
102,Rekha Kumar,47,Male,Ahmedabad,2023-06-03
103,Deepak Das,56,Female,Ahmedabad,2023-04-21
104,Naveen Bose,45,Other,Ahmedabad,2022-05-04
105,Sindhu Chopra,46,Female,Hyderabad,2023-05-11
106,Rohan Bose,49,Other,Hyderabad,2022-08-02
107,Suresh Reddy,36,Male,Chennai,2022-09-18
108,Arjun Das,23,Male,Bangalore,2022-06-29
109,Kiran Singh,31,Male,Kolkata,2022-11-13
110,Arjun Das,47,Female,Mumbai,2022-06-10
111,Naveen Agarwal,42,Other,Mumbai,2023-03-24
112,Kiran Chopra,18,Female,Chennai,2022-10-30
113,Asha Agarwal,52,Other,Jaipur,2023-04-14
114,Sanjay Gupta,49,Male,Chennai,2022-12-05
115,Riya Sharma,42,Female,Kolkata,2022-05-09
116,Naveen Mishra,26,Other,Jaipur,2022-01-21
117,Rekha Verma,55,Other,Mumbai,2022-03-07
118,Arun Agarwal,26,Female,Bangalore,2022-02-09
119,Rohan Verma,38,Male,Ahmedabad,2022-09-11
120,Arjun Verma,35,Female,Chennai,2022-03-05
121,Riya Sharma,52,Male,Pune,2022-06-24
122,Arun Reddy,59,Male,Mumbai,2022-07-12
123,Vikram Sharma,57,Male,Hyderabad,2022-04-09
124,Riya Kumar,54,Male,Ahmedabad,2023-06-28
125,Rohan Pillai,28,Other,Surat,2022-03-30
126,Rajesh Nair,37,Male,Surat,2022-01-20
127,Rekha Mehta,54,Other,Kolkata,2022-11-05
128,Vijay Iyer,22,Other,Hyderabad,2022-03-21
129,Vijay Mehta,56,Male,Surat,2022-02-01
130,Meera Das,45,Other,Pune,2022-02-23
131,Deepak Rao,18,Female,Ahmedabad,2022-03-23
132,Nisha Pillai,58,Female,Bangalore,2022-12-05
133,Pooja Bose,59,Female,Surat,2023-02-23
134,Rajesh Chopra,47,Female,Surat,2022-07-28
135,Arjun Gupta,23,Female,Ahmedabad,2022-07-09
136,Rajesh Mishra,54,Other,Kolkata,2022-09-19
137,Aarav Chopra,38,Male,Ahmedabad,2022-06-14
138,Meera Joshi,39,Female,Surat,2023-06-29
139,Sanjay Joshi,53,Male,Jaipur,2022-05-29
140,Rahul Gupta,44,Female,Jaipur,2022-07-06
141,Vijay Chopra,59,Other,Ahmedabad,2022-12-15
142,Pallavi Sharma,23,Female,Hyderabad,2022-11-11
143,Vijay Gupta,37,Other,Surat,2022-10-14
144,Riya Das,51,Female,Kolkata,2023-03-04
145,Arjun Pillai,47,Female,Chennai,2022-07-15
146,Ananya Kumar,30,Female,Delhi,2023-02-21
147,Rajesh Nair,30,Male,Ahmedabad,2022-08-03
148,Sindhu Shah,51,Other,Chennai,2022-03-20
149,Naveen Iyer,36,Male,Pune,2022-05-20
150,Divya Sharma,52,Male,Chennai,2022-02-05
151,Priya Das,36,Other,Bangalore,2023-05-11
152,Asha Chopra,24,Male,Surat,2022-08-09
153,Riya Chopra,46,Female,Bangalore,2022-02-09
154,Rohan Chopra,25,Male,Kolkata,2023-01-17
155,Rahul Shah,58,Other,Mumbai,2022-04-28
156,Amit Shah,37,Male,Hyderabad,2022-04-03
157,Kavya Agarwal,56,Other,Surat,2022-06-25
158,Rajesh Bose,42,Female,Ahmedabad,2022-08-19
159,Asha Shah,45,Female,Surat,2023-04-28
160,Priya Malhotra,24,Male,Hyderabad,2022-07-25
161,Lakshmi Reddy,28,Male,Bangalore,2023-03-05
162,Rahul Nair,18,Female,Ahmedabad,2023-06-20
163,Swati Chopra,36,Male,Hyderabad,2022-08-12
164,Vijay Mehta,47,Male,Hyderabad,2022-07-25
165,Pallavi Shah,60,Male,Kolkata,2022-03-31
166,Kavya Gupta,59,Male,Chennai,2022-04-21
167,Rahul Patel,28,Female,Surat,2023-03-19
168,Rekha Mehta,46,Male,Ahmedabad,2023-06-19
169,Divya Verma,35,Other,Jaipur,2023-01-19
170,Suresh Reddy,56,Male,Kolkata,2022-09-08
171,Swati Joshi,19,Male,Hyderabad,2023-06-08
172,Naveen Shah,55,Male,Chennai,2023-03-24
173,Priya Nair,48,Other,Ahmedabad,2022-08-05
174,Pooja Shah,45,Other,Ahmedabad,2022-03-12
175,Riya Pillai,44,Female,Pune,2023-06-05
176,Sneha Nair,39,Female,Ahmedabad,2022-08-12
177,Lakshmi Verma,53,Male,Ahmedabad,2022-03-10
178,Arjun Joshi,38,Male,Kolkata,2023-02-04
179,Naveen Sharma,60,Other,Ahmedabad,2022-11-17
180,Priya Iyer,51,Female,Surat,2023-01-23
181,Arun Mishra,21,Male,Chennai,2023-03-03
182,Amit Mehta,46,Other,Ahmedabad,2022-04-05
183,Aarav Malhotra,33,Other,Bangalore,2022-08-30
184,Kavya Sharma,53,Female,Delhi,2022-06-24
185,Naveen Kumar,47,Male,Bangalore,2023-01-23
186,Rekha Mehta,50,Other,Chennai,2022-11-19
187,Naveen Chopra,48,Male,Ahmedabad,2023-03-05
188,Amit Verma,30,Other,Jaipur,2022-04-17
189,Asha Reddy,35,Female,Pune,2023-01-30
190,Rohan Sharma,36,Other,Chennai,2023-04-01
191,Manish Chopra,27,Female,Jaipur,2023-01-12
192,Meera Rao,53,Other,Kolkata,2022-12-20
193,Rekha Rao,30,Other,Hyderabad,2023-03-21
194,Kiran Gupta,44,Male,Pune,2023-01-03
195,Vijay Verma,42,Other,Bangalore,2023-01-20
196,Priya Singh,50,Other,Pune,2022-03-19
197,Asha Mishra,24,Other,Ahmedabad,2022-01-12
198,Sindhu Singh,44,Other,Bangalore,2022-02-28
199,Riya Joshi,39,Other,Kolkata,2023-05-20
200,Rahul Rao,52,Female,Pune,2023-05-02
201,Vijay Chopra,52,Male,Surat,2022-02-23
202,Ananya Mehta,32,Other,Delhi,2022-12-04
203,Sneha Kumar,46,Male,Chennai,2022-01-23
204,Priya Rao,21,Female,Pune,2022-10-19
205,Nisha Singh,33,Other,Kolkata,2023-03-16
206,Lakshmi Nair,28,Male,Delhi,2023-04-19
207,Asha Verma,57,Other,Hyderabad,2023-01-22
208,Rekha Shah,27,Male,Ahmedabad,2023-05-11
209,Rohan Mishra,34,Other,Mumbai,2022-12-28
210,Sanjay Mehta,52,Male,Delhi,2022-12-10
211,Meera Shah,37,Other,Kolkata,2023-06-21
212,Rohan Mishra,37,Male,Kolkata,2023-01-11
213,Sneha Gupta,42,Other,Pune,2023-03-23
214,Divya Mehta,19,Other,Kolkata,2022-08-02
215,Aarav Shah,21,Other,Ahmedabad,2022-08-11
216,Rajesh Gupta,56,Female,Hyderabad,2023-05-10
217,Vikram Malhotra,34,Other,Bangalore,2023-05-03
218,Sneha Patel,37,Female,Mumbai,2023-03-27
219,Meera Singh,23,Female,Pune,2022-11-19
220,Pooja Iyer,26,Other,Pune,2023-02-17
221,Deepak Joshi,28,Female,Ahmedabad,2022-08-18
222,Sindhu Rao,25,Female,Delhi,2022-04-20
223,Rajesh Gupta,43,Other,Pune,2022-03-12
224,Pallavi Verma,18,Female,Jaipur,2022-04-06
225,Suresh Pillai,34,Other,Kolkata,2023-05-11
226,Meera Kumar,32,Female,Mumbai,2023-04-27
227,Sanjay Das,38,Other,Hyderabad,2023-05-19
228,Rahul Mishra,37,Other,Kolkata,2022-04-01
229,Amit Patel,20,Female,Ahmedabad,2022-04-01
230,Sneha Gupta,52,Male,Kolkata,2022-12-19
231,Meera Das,44,Other,Bangalore,2022-11-19
232,Arun Kumar,49,Other,Kolkata,2022-08-06
233,Priya Pillai,31,Female,Ahmedabad,2022-07-03
234,Asha Pillai,24,Other,Pune,2023-02-27
235,Sanjay Pillai,21,Female,Chennai,2022-05-28
236,Sneha Mishra,23,Other,Hyderabad,2023-05-14
237,Arun Malhotra,19,Male,Pune,2022-07-09
238,Amit Shah,31,Male,Jaipur,2022-06-10
239,Manish Iyer,32,Female,Bangalore,2023-04-08
240,Aarav Joshi,27,Male,Jaipur,2022-07-14
241,Pallavi Nair,25,Other,Mumbai,2022-04-13
242,Aarav Pillai,33,Other,Pune,2022-01-13
243,Pooja Joshi,21,Male,Kolkata,2023-02-13
244,Sneha Reddy,48,Female,Pune,2023-02-03
245,Manish Kumar,46,Other,Hyderabad,2023-04-23
246,Priya Bose,37,Female,Mumbai,2022-02-17
247,Riya Verma,45,Other,Delhi,2023-01-16
248,Vijay Mishra,22,Male,Pune,2023-04-18
249,Amit Reddy,26,Female,Surat,2023-05-07
250,Manish Das,38,Female,Surat,2023-02-17
251,Divya Mishra,50,Other,Kolkata,2022-03-19
252,Pallavi Kumar,59,Other,Jaipur,2022-06-17
253,Nisha Mishra,32,Female,Pune,2022-12-19
254,Kiran Agarwal,24,Female,Kolkata,2022-08-31
255,Lakshmi Joshi,41,Male,Ahmedabad,2022-02-22
256,Rahul Reddy,23,Female,Delhi,2022-10-17
257,Pallavi Singh,53,Male,Surat,2023-03-13
258,Kavya Rao,60,Male,Kolkata,2022-10-02
259,Asha Agarwal,21,Female,Surat,2022-08-31
260,Meera Kumar,54,Other,Hyderabad,2022-05-01
261,Lakshmi Chopra,32,Male,Pune,2023-03-09
262,Meera Kumar,35,Other,Hyderabad,2022-11-30
263,Asha Das,57,Other,Jaipur,2022-01-21
264,Swati Joshi,19,Male,Chennai,2022-08-28
265,Rekha Rao,40,Male,Bangalore,2022-04-22
266,Manish Verma,22,Male,Mumbai,2022-03-13
267,Sindhu Bose,31,Female,Kolkata,2022-12-19
268,Arjun Nair,41,Female,Pune,2023-03-17
269,Swati Reddy,21,Male,Bangalore,2023-04-25
270,Priya Reddy,35,Female,Kolkata,2023-01-13
271,Swati Mishra,44,Female,Hyderabad,2023-02-02
272,Sneha Pillai,45,Male,Chennai,2023-06-11
273,Lakshmi Shah,49,Other,Chennai,2022-02-05
274,Ananya Verma,56,Male,Mumbai,2022-06-08
275,Divya Iyer,26,Female,Chennai,2022-09-12
276,Sneha Sharma,49,Other,Kolkata,2022-05-17
277,Amit Verma,52,Other,Hyderabad,2023-01-24
278,Kavya Pillai,22,Female,Mumbai,2022-12-05
279,Aarav Mishra,22,Female,Surat,2022-11-30
280,Manish Verma,58,Female,Chennai,2022-03-31
281,Kiran Sharma,38,Male,Surat,2022-12-24
282,Naveen Pillai,23,Female,Delhi,2022-07-08
283,Nisha Shah,43,Other,Delhi,2022-11-04
284,Asha Mehta,39,Male,Pune,2022-05-11
285,Rahul Bose,58,Male,Jaipur,2023-02-01
286,Vikram Pillai,40,Other,Bangalore,2022-07-03
287,Sneha Singh,34,Male,Bangalore,2023-04-13
288,Amit Reddy,29,Other,Ahmedabad,2022-12-27
289,Rajesh Shah,55,Female,Surat,2023-05-15
290,Arun Malhotra,38,Other,Pune,2022-04-28
291,Suresh Reddy,48,Female,Chennai,2022-08-02
292,Manish Patel,40,Other,Delhi,2022-08-30
293,Suresh Mishra,20,Male,Pune,2022-08-11
294,Rahul Reddy,57,Other,Jaipur,2022-10-26
295,Suresh Shah,53,Other,Mumbai,2022-12-16
296,Rekha Shah,59,Male,Pune,2023-04-15
297,Riya Bose,27,Male,Ahmedabad,2022-03-22
298,Pallavi Rao,23,Other,Bangalore,2022-01-31
299,Ananya Mishra,46,Other,Jaipur,2023-04-19
300,Pooja Pillai,41,Female,Kolkata,2022-11-14
301,Rajesh Rao,56,Male,Pune,2022-02-21
302,Arjun Kumar,53,Other,Kolkata,2022-08-09
303,Rohan Malhotra,27,Female,Delhi,2023-03-29
304,Lakshmi Singh,40,Female,Kolkata,2022-04-11
305,Swati Reddy,37,Other,Kolkata,2023-05-15
306,Pallavi Rao,26,Other,Jaipur,2022-03-14
307,Arun Agarwal,50,Female,Mumbai,2022-10-09
308,Divya Nair,31,Female,Ahmedabad,2022-05-30
309,Ananya Singh,27,Male,Chennai,2022-03-20
310,Deepak Das,51,Male,Pune,2023-04-26
311,Amit Malhotra,42,Male,Bangalore,2022-05-21
312,Naveen Malhotra,28,Other,Ahmedabad,2022-02-03
313,Nisha Pillai,33,Female,Surat,2022-08-10
314,Rajesh Mishra,32,Other,Hyderabad,2022-08-29
315,Pallavi Chopra,30,Female,Surat,2022-12-09
316,Suresh Mehta,42,Other,Jaipur,2022-11-22
317,Pooja Iyer,56,Male,Chennai,2022-02-10
318,Arun Chopra,41,Other,Delhi,2023-02-05
319,Asha Kumar,36,Male,Bangalore,2022-07-31
320,Suresh Bose,27,Female,Delhi,2022-06-22
321,Naveen Mishra,40,Male,Kolkata,2022-02-11
322,Kiran Bose,41,Male,Kolkata,2022-03-05
323,Meera Gupta,19,Female,Delhi,2023-05-20
324,Arjun Singh,26,Male,Chennai,2023-01-02
325,Vijay Singh,48,Female,Surat,2022-01-05
326,Sanjay Reddy,19,Female,Hyderabad,2022-04-27
327,Kavya Malhotra,51,Female,Delhi,2022-08-12
328,Ananya Mehta,25,Male,Hyderabad,2022-11-23
329,Arun Malhotra,47,Male,Delhi,2023-01-24
330,Swati Das,19,Other,Jaipur,2023-03-23
331,Ananya Singh,36,Female,Mumbai,2023-04-23
332,Meera Gupta,54,Female,Bangalore,2023-06-01
333,Lakshmi Reddy,51,Female,Delhi,2023-02-13
334,Kavya Bose,50,Other,Mumbai,2022-10-31
335,Asha Chopra,20,Other,Kolkata,2022-10-17
336,Rohan Sharma,40,Male,Pune,2022-07-07
337,Sindhu Kumar,55,Other,Pune,2022-04-14
338,Priya Pillai,52,Female,Bangalore,2023-06-16
339,Suresh Chopra,58,Male,Bangalore,2022-02-19
340,Vijay Mishra,20,Female,Hyderabad,2022-02-04
341,Pallavi Iyer,20,Female,Chennai,2023-02-05
342,Kiran Das,48,Female,Mumbai,2023-05-18
343,Vikram Mehta,40,Male,Pune,2022-08-01
344,Sneha Pillai,45,Female,Ahmedabad,2022-10-28
345,Arjun Nair,49,Other,Ahmedabad,2022-10-13
346,Rekha Bose,35,Male,Kolkata,2022-03-03
347,Nisha Malhotra,29,Other,Chennai,2022-09-07
348,Sneha Reddy,38,Other,Chennai,2022-08-27
349,Suresh Malhotra,45,Male,Ahmedabad,2022-10-01
350,Suresh Patel,40,Other,Kolkata,2022-08-02
351,Arun Patel,22,Other,Kolkata,2022-10-10
352,Deepak Nair,19,Male,Surat,2023-06-11
353,Pallavi Mishra,20,Male,Delhi,2022-07-03
354,Rajesh Pillai,41,Female,Surat,2022-01-26
355,Swati Singh,46,Female,Pune,2022-12-11
356,Rajesh Reddy,54,Male,Jaipur,2022-10-13
357,Kiran Rao,59,Female,Hyderabad,2022-03-30
358,Aarav Nair,49,Other,Kolkata,2023-03-13
359,Sneha Joshi,34,Other,Ahmedabad,2022-06-16
360,Swati Mehta,49,Male,Delhi,2022-04-16
361,Asha Reddy,46,Male,Ahmedabad,2022-03-10
362,Pallavi Rao,60,Female,Delhi,2023-03-04
363,Kavya Mehta,37,Male,Bangalore,2022-10-08
364,Deepak Gupta,25,Male,Bangalore,2022-07-03
365,Pallavi Chopra,19,Female,Jaipur,2023-03-21
366,Meera Mishra,53,Male,Surat,2022-03-08
367,Rahul Mehta,43,Other,Ahmedabad,2023-02-13
368,Nisha Agarwal,54,Male,Bangalore,2022-09-04
369,Arun Reddy,46,Female,Jaipur,2022-09-25
370,Amit Das,58,Other,Bangalore,2022-04-11
371,Nisha Bose,21,Male,Jaipur,2022-04-29
372,Divya Nair,28,Female,Hyderabad,2022-09-26
373,Deepak Mehta,23,Female,Hyderabad,2023-05-09
374,Kavya Joshi,26,Other,Chennai,2023-04-23
375,Kavya Reddy,50,Other,Bangalore,2023-04-05
376,Manish Singh,28,Other,Surat,2023-04-16
377,Arjun Shah,20,Male,Delhi,2022-02-05
378,Arun Shah,34,Other,Hyderabad,2023-03-21
379,Nisha Malhotra,58,Male,Ahmedabad,2023-05-03
380,Kavya Mehta,59,Female,Ahmedabad,2022-07-10
381,Pallavi Verma,37,Female,Delhi,2023-06-19
382,Priya Nair,46,Female,Ahmedabad,2022-12-27
383,Vikram Rao,56,Male,Pune,2022-09-06
384,Sindhu Pillai,43,Male,Pune,2023-02-04
385,Kavya Kumar,38,Male,Ahmedabad,2022-04-06
386,Rohan Mishra,33,Male,Delhi,2022-02-09
387,Divya Verma,57,Female,Hyderabad,2022-05-05
388,Naveen Rao,54,Other,Pune,2022-05-28
389,Rajesh Nair,49,Other,Ahmedabad,2023-01-23
390,Sanjay Mehta,49,Male,Delhi,2022-11-02
391,Deepak Mishra,33,Male,Surat,2022-10-02
392,Priya Patel,36,Female,Surat,2023-05-24
393,Lakshmi Chopra,36,Other,Mumbai,2022-03-25
394,Nisha Singh,34,Other,Pune,2022-11-10
395,Meera Patel,43,Male,Surat,2023-03-13
396,Vikram Pillai,53,Female,Delhi,2022-10-28
397,Deepak Mishra,53,Female,Surat,2023-06-13
398,Swati Kumar,26,Male,Kolkata,2022-10-17
399,Pallavi Rao,53,Female,Bangalore,2022-06-04
400,Swati Bose,43,Other,Mumbai,2022-02-05
401,Priya Singh,39,Female,Jaipur,2022-12-21
402,Amit Malhotra,50,Male,Pune,2023-04-22
403,Arjun Nair,43,Other,Chennai,2023-04-07
404,Arjun Bose,50,Other,Ahmedabad,2023-03-14
405,Divya Chopra,19,Female,Pune,2023-06-08
406,Sneha Agarwal,55,Female,Mumbai,2023-04-09
407,Riya Joshi,59,Other,Surat,2022-06-26
408,Sindhu Patel,55,Female,Bangalore,2023-02-12
409,Arun Malhotra,42,Male,Hyderabad,2022-01-25
410,Manish Kumar,30,Male,Ahmedabad,2022-09-01
411,Nisha Singh,44,Other,Hyderabad,2022-11-15
412,Deepak Malhotra,48,Other,Mumbai,2022-04-18
413,Deepak Iyer,53,Female,Ahmedabad,2023-02-13
414,Kiran Rao,29,Female,Jaipur,2022-09-23
415,Kavya Pillai,59,Other,Chennai,2023-04-19
416,Riya Iyer,33,Female,Jaipur,2022-08-20
417,Ananya Mehta,36,Other,Hyderabad,2023-06-21
418,Vijay Chopra,38,Female,Pune,2023-03-12
419,Rekha Joshi,36,Male,Surat,2023-06-10
420,Kavya Verma,43,Female,Bangalore,2022-08-14
421,Priya Mehta,23,Female,Ahmedabad,2023-05-25
422,Rohan Chopra,31,Male,Jaipur,2022-07-30
423,Rekha Das,35,Male,Delhi,2023-04-24
424,Sindhu Shah,33,Male,Mumbai,2023-06-05
425,Sanjay Bose,32,Other,Hyderabad,2022-02-10
426,Sneha Agarwal,39,Other,Ahmedabad,2022-03-20
427,Lakshmi Singh,18,Other,Bangalore,2022-11-13
428,Arun Chopra,48,Other,Hyderabad,2022-08-12
429,Arjun Mehta,59,Male,Delhi,2023-05-22
430,Manish Gupta,52,Other,Mumbai,2022-05-16
431,Nisha Nair,20,Female,Ahmedabad,2022-05-25
432,Rekha Mehta,20,Male,Chennai,2023-03-18
433,Swati Kumar,39,Female,Ahmedabad,2023-05-14
434,Kavya Bose,49,Male,Jaipur,2022-12-30
435,Rohan Iyer,25,Female,Bangalore,2022-12-23
436,Arun Joshi,29,Male,Pune,2022-08-18
437,Manish Iyer,29,Other,Kolkata,2022-11-29
438,Deepak Rao,23,Female,Delhi,2022-05-24
439,Amit Chopra,38,Male,Mumbai,2022-07-22
440,Kiran Gupta,46,Female,Pune,2022-08-23
441,Manish Shah,18,Female,Pune,2023-06-23
442,Ananya Patel,60,Male,Ahmedabad,2022-08-27
443,Pooja Verma,50,Other,Chennai,2023-06-21
444,Sneha Mehta,41,Other,Hyderabad,2022-06-20
445,Amit Chopra,27,Female,Surat,2022-10-18
446,Nisha Das,48,Other,Hyderabad,2022-07-12
447,Lakshmi Malhotra,23,Other,Ahmedabad,2023-02-15
448,Vijay Pillai,22,Other,Delhi,2022-02-17
449,Naveen Das,50,Male,Surat,2023-02-21
450,Amit Nair,38,Other,Ahmedabad,2022-04-01
451,Lakshmi Iyer,55,Female,Delhi,2023-02-01
452,Suresh Patel,47,Male,Jaipur,2022-11-19
453,Suresh Shah,21,Other,Ahmedabad,2023-06-07
454,Pallavi Mehta,19,Female,Chennai,2022-01-03
455,Sindhu Iyer,55,Male,Mumbai,2022-11-26
456,Meera Reddy,52,Male,Delhi,2023-01-02
457,Priya Mehta,44,Male,Bangalore,2023-05-14
458,Sindhu Agarwal,41,Female,Ahmedabad,2022-10-21
459,Kiran Reddy,60,Other,Bangalore,2023-05-23
460,Asha Pillai,25,Male,Jaipur,2022-11-02
461,Deepak Singh,32,Male,Mumbai,2022-08-20
462,Suresh Das,45,Other,Kolkata,2022-06-28
463,Ananya Mishra,40,Male,Chennai,2022-05-27
464,Rekha Kumar,20,Other,Kolkata,2023-04-23
465,Rajesh Sharma,33,Male,Delhi,2022-03-20
466,Swati Patel,46,Other,Mumbai,2022-07-10
467,Sindhu Patel,43,Female,Hyderabad,2023-02-24
468,Vikram Patel,26,Other,Chennai,2022-07-01
469,Naveen Shah,38,Other,Surat,2023-06-07
470,Naveen Rao,33,Female,Bangalore,2023-05-28
471,Deepak Gupta,44,Female,Chennai,2022-02-17
472,Kavya Shah,29,Other,Kolkata,2023-03-08
473,Riya Patel,40,Other,Kolkata,2023-02-12
474,Arjun Agarwal,44,Male,Chennai,2022-10-20
475,Pooja Das,48,Male,Hyderabad,2022-08-22
476,Asha Singh,47,Male,Jaipur,2022-11-17
477,Nisha Das,51,Male,Kolkata,2022-07-08
478,Rohan Iyer,39,Other,Delhi,2022-12-16
479,Asha Pillai,23,Other,Hyderabad,2022-02-10
480,Rohan Verma,56,Other,Mumbai,2022-02-26
481,Vikram Shah,60,Other,Hyderabad,2023-01-08
482,Vikram Rao,37,Male,Hyderabad,2022-05-28
483,Sindhu Kumar,48,Male,Surat,2022-06-08
484,Kiran Gupta,53,Female,Chennai,2022-10-23
485,Suresh Das,59,Female,Chennai,2022-07-23
486,Meera Bose,49,Female,Delhi,2022-12-31
487,Rajesh Rao,31,Female,Pune,2022-11-18
488,Priya Shah,32,Other,Bangalore,2022-01-13
489,Rohan Das,55,Other,Kolkata,2022-08-18
490,Amit Iyer,39,Male,Kolkata,2023-03-19
491,Naveen Gupta,49,Other,Pune,2022-07-19
492,Rajesh Chopra,59,Other,Ahmedabad,2022-12-24
493,Pooja Pillai,28,Male,Jaipur,2023-01-15
494,Pooja Das,59,Male,Jaipur,2022-01-27
495,Naveen Reddy,60,Male,Mumbai,2022-11-17
496,Amit Gupta,22,Other,Bangalore,2022-01-08
497,Vikram Bose,47,Female,Mumbai,2023-04-25
498,Arun Malhotra,48,Other,Ahmedabad,2022-01-13
499,Aarav Das,53,Female,Mumbai,2022-01-13
500,Deepak Joshi,52,Female,Mumbai,2023-01-26
501,Naveen Agarwal,29,Male,Delhi,2023-02-12
502,Amit Gupta,30,Other,Jaipur,2022-07-16
503,Naveen Pillai,35,Female,Delhi,2022-10-17
504,Kiran Mishra,54,Male,Hyderabad,2022-08-21
505,Lakshmi Reddy,59,Other,Mumbai,2022-03-14
506,Kiran Verma,42,Other,Ahmedabad,2022-02-13
507,Arun Sharma,28,Male,Ahmedabad,2022-12-04
508,Arun Rao,54,Male,Jaipur,2022-02-03
509,Ananya Iyer,54,Female,Chennai,2022-02-06
510,Rekha Reddy,35,Other,Surat,2023-05-27
511,Priya Nair,38,Male,Hyderabad,2023-04-01
512,Amit Verma,22,Female,Bangalore,2023-03-15
513,Ananya Shah,42,Other,Jaipur,2022-09-15
514,Kiran Singh,23,Other,Pune,2022-02-11
515,Sneha Agarwal,32,Male,Pune,2023-04-16
516,Rajesh Malhotra,56,Female,Pune,2022-01-24
517,Arun Joshi,46,Female,Hyderabad,2022-10-04
518,Kavya Verma,45,Male,Surat,2023-05-29
519,Kiran Reddy,57,Female,Hyderabad,2022-02-27
520,Rahul Joshi,27,Female,Bangalore,2022-10-30
521,Arjun Pillai,24,Male,Mumbai,2022-08-28
522,Suresh Pillai,35,Male,Bangalore,2022-03-09
523,Pooja Agarwal,46,Other,Jaipur,2023-02-03
524,Nisha Kumar,19,Male,Pune,2023-03-07
525,Rahul Malhotra,56,Female,Kolkata,2022-01-10
526,Divya Agarwal,42,Male,Jaipur,2022-07-08
527,Manish Bose,28,Other,Kolkata,2022-05-12
528,Amit Joshi,37,Female,Ahmedabad,2022-04-24
529,Rahul Nair,45,Female,Kolkata,2022-08-21
530,Riya Reddy,41,Female,Hyderabad,2023-05-01
531,Riya Malhotra,57,Male,Ahmedabad,2022-03-25
532,Amit Mehta,18,Female,Pune,2023-04-27
533,Kiran Rao,46,Female,Kolkata,2023-05-21
534,Swati Singh,37,Female,Surat,2023-06-25
535,Vikram Chopra,38,Male,Kolkata,2022-09-05
536,Divya Chopra,54,Male,Pune,2022-10-20
537,Rohan Verma,41,Male,Surat,2022-06-05
538,Manish Das,29,Other,Jaipur,2022-01-21
539,Sindhu Mishra,31,Female,Chennai,2023-06-23
540,Rahul Agarwal,49,Male,Chennai,2022-07-07
541,Rohan Singh,45,Female,Delhi,2022-12-15
542,Swati Chopra,55,Female,Jaipur,2023-01-29
543,Rekha Agarwal,52,Male,Pune,2023-06-29
544,Sanjay Das,56,Other,Delhi,2022-03-26
545,Rajesh Gupta,60,Other,Pune,2022-05-10
546,Arun Malhotra,20,Other,Kolkata,2022-09-15
547,Pallavi Agarwal,24,Male,Delhi,2022-07-20
548,Ananya Bose,51,Other,Surat,2023-06-19
549,Manish Gupta,46,Female,Kolkata,2022-12-26
550,Rajesh Shah,50,Male,Pune,2022-01-20
551,Riya Kumar,36,Female,Delhi,2022-04-01
552,Naveen Singh,40,Female,Pune,2022-12-20
553,Pallavi Iyer,51,Female,Pune,2023-01-05
554,Sneha Mishra,46,Female,Delhi,2022-08-22
555,Priya Kumar,19,Female,Delhi,2023-06-10
556,Pallavi Nair,33,Other,Bangalore,2023-03-05
557,Pooja Rao,53,Female,Ahmedabad,2022-06-30
558,Pallavi Verma,58,Male,Bangalore,2023-05-13
559,Lakshmi Agarwal,43,Male,Surat,2022-06-03
560,Suresh Shah,45,Female,Mumbai,2022-06-16
561,Vikram Joshi,22,Other,Delhi,2023-02-22
562,Pooja Pillai,38,Male,Ahmedabad,2022-03-30
563,Rohan Chopra,51,Other,Pune,2023-04-09
564,Kiran Malhotra,43,Other,Delhi,2022-09-28
565,Meera Mishra,57,Male,Chennai,2023-04-23
566,Manish Reddy,26,Female,Delhi,2022-07-05
567,Divya Kumar,29,Female,Bangalore,2023-02-01
568,Kiran Agarwal,56,Male,Surat,2022-10-26
569,Nisha Nair,49,Other,Jaipur,2023-06-23
570,Rekha Nair,53,Male,Ahmedabad,2022-08-13
571,Amit Nair,38,Female,Surat,2022-02-11
572,Asha Pillai,18,Female,Bangalore,2022-06-01
573,Naveen Verma,53,Other,Ahmedabad,2022-11-14
574,Lakshmi Chopra,44,Other,Ahmedabad,2023-01-15
575,Pooja Reddy,54,Male,Hyderabad,2022-08-15
576,Priya Joshi,32,Other,Chennai,2022-05-11
577,Rajesh Mishra,54,Other,Ahmedabad,2023-03-03
578,Deepak Kumar,54,Male,Chennai,2023-02-26
579,Naveen Pillai,52,Male,Ahmedabad,2023-03-01
580,Vikram Agarwal,24,Other,Hyderabad,2022-08-20
581,Asha Patel,46,Female,Pune,2022-03-09
582,Suresh Kumar,33,Male,Surat,2023-06-20
583,Meera Malhotra,58,Female,Bangalore,2023-04-24
584,Amit Iyer,31,Male,Surat,2022-09-30
585,Kavya Joshi,56,Other,Bangalore,2022-09-09
586,Vijay Mehta,36,Other,Chennai,2023-02-04
587,Sanjay Kumar,26,Female,Mumbai,2022-08-04
588,Asha Singh,26,Male,Bangalore,2022-09-08
589,Naveen Gupta,43,Female,Bangalore,2023-03-25
590,Arun Joshi,58,Female,Kolkata,2022-12-18
591,Rahul Reddy,43,Other,Chennai,2023-06-24
592,Rekha Pillai,47,Female,Pune,2023-03-29
593,Aarav Reddy,47,Other,Pune,2022-02-19
594,Pallavi Das,43,Male,Kolkata,2022-06-14
595,Riya Joshi,38,Female,Pune,2023-03-02
596,Manish Singh,54,Female,Pune,2023-06-15
597,Rajesh Patel,20,Male,Ahmedabad,2022-01-13
598,Sneha Nair,46,Female,Mumbai,2022-11-29
599,Vikram Singh,59,Female,Bangalore,2022-08-01
600,Rahul Pillai,34,Male,Pune,2023-06-01
601,Sanjay Nair,21,Female,Chennai,2023-06-28
602,Rajesh Gupta,45,Other,Delhi,2022-03-15
603,Aarav Iyer,48,Male,Bangalore,2023-04-07
604,Ananya Bose,46,Male,Mumbai,2023-06-25
605,Arjun Kumar,45,Other,Bangalore,2023-01-07
606,Rahul Gupta,42,Male,Delhi,2022-03-22
607,Arjun Pillai,37,Male,Kolkata,2022-04-14
608,Arun Singh,22,Other,Surat,2022-01-07
609,Swati Nair,46,Female,Hyderabad,2023-05-03
610,Sindhu Singh,44,Other,Ahmedabad,2022-06-18
611,Rahul Kumar,26,Male,Surat,2022-10-26
612,Meera Agarwal,38,Male,Hyderabad,2022-08-04
613,Arun Reddy,33,Other,Surat,2023-04-12
614,Sindhu Malhotra,36,Other,Mumbai,2023-05-27
615,Sanjay Mehta,31,Other,Surat,2023-01-31
616,Vikram Verma,36,Other,Mumbai,2022-07-05
617,Riya Verma,25,Male,Ahmedabad,2023-05-11
618,Swati Reddy,51,Male,Pune,2022-09-03
619,Amit Verma,54,Female,Pune,2023-03-01
620,Lakshmi Nair,48,Male,Mumbai,2023-04-02
621,Rahul Sharma,34,Male,Mumbai,2022-02-16
622,Pallavi Verma,50,Female,Jaipur,2022-11-19
623,Nisha Verma,23,Other,Jaipur,2023-02-22
624,Swati Singh,35,Male,Chennai,2022-03-03
625,Deepak Iyer,27,Other,Pune,2022-10-31
626,Manish Reddy,37,Other,Kolkata,2022-07-05
627,Priya Gupta,23,Female,Delhi,2022-12-19
628,Swati Malhotra,21,Female,Bangalore,2022-04-03
629,Aarav Singh,18,Male,Ahmedabad,2022-09-27
630,Deepak Bose,34,Male,Pune,2022-04-09
631,Sindhu Joshi,25,Male,Pune,2022-11-30
632,Rohan Bose,22,Female,Surat,2023-05-03
633,Rahul Chopra,47,Other,Pune,2022-02-13
634,Riya Shah,28,Female,Bangalore,2022-07-18
635,Rajesh Kumar,54,Other,Delhi,2022-06-27
636,Sindhu Bose,18,Male,Mumbai,2022-07-09
637,Priya Chopra,41,Female,Bangalore,2022-05-20
638,Rekha Patel,53,Other,Kolkata,2022-06-24
639,Arjun Gupta,44,Other,Pune,2022-07-30
640,Naveen Reddy,54,Female,Delhi,2023-01-25
641,Lakshmi Patel,29,Male,Jaipur,2022-02-05
642,Kiran Reddy,47,Female,Chennai,2022-09-12
643,Rahul Das,47,Male,Pune,2022-06-05
644,Divya Shah,37,Other,Surat,2022-07-08
645,Suresh Pillai,55,Female,Hyderabad,2023-03-01
646,Rajesh Gupta,27,Male,Kolkata,2022-01-19
647,Ananya Das,40,Other,Mumbai,2022-09-18
648,Aarav Verma,37,Male,Hyderabad,2023-02-16
649,Ananya Agarwal,49,Male,Bangalore,2022-08-06
650,Rahul Patel,32,Other,Kolkata,2023-06-29
651,Sanjay Pillai,47,Other,Delhi,2023-03-28
652,Sneha Bose,26,Other,Kolkata,2022-02-28
653,Manish Shah,21,Female,Bangalore,2022-07-03
654,Divya Joshi,38,Female,Pune,2022-09-05
655,Suresh Joshi,32,Male,Hyderabad,2022-04-16
656,Rajesh Shah,24,Male,Delhi,2022-05-08
657,Suresh Mishra,38,Female,Delhi,2023-02-21
658,Meera Iyer,46,Female,Ahmedabad,2022-07-25
659,Asha Kumar,23,Male,Chennai,2023-06-26
660,Swati Patel,31,Female,Bangalore,2022-03-12
661,Vijay Gupta,40,Female,Jaipur,2022-02-08
662,Lakshmi Mehta,34,Male,Mumbai,2022-11-11
663,Asha Mishra,53,Other,Jaipur,2022-07-14
664,Sneha Mishra,24,Male,Delhi,2022-01-10
665,Priya Gupta,26,Male,Kolkata,2022-10-17
666,Lakshmi Reddy,55,Other,Chennai,2022-02-28
667,Aarav Reddy,30,Other,Ahmedabad,2022-04-11
668,Rahul Rao,25,Male,Ahmedabad,2022-02-09
669,Pooja Shah,45,Other,Kolkata,2023-01-21
670,Aarav Verma,45,Male,Pune,2022-06-16
671,Rekha Nair,35,Female,Ahmedabad,2022-04-26
672,Priya Malhotra,57,Other,Hyderabad,2023-05-18
673,Divya Chopra,44,Other,Ahmedabad,2022-02-17
674,Rahul Joshi,42,Male,Kolkata,2022-06-04
675,Arun Bose,33,Other,Jaipur,2022-01-16
676,Kiran Pillai,48,Other,Ahmedabad,2022-09-25
677,Rekha Shah,50,Female,Kolkata,2022-07-30
678,Pooja Sharma,38,Other,Hyderabad,2022-01-23
679,Sanjay Joshi,21,Female,Jaipur,2022-10-05
680,Rajesh Shah,32,Male,Delhi,2022-07-12
681,Lakshmi Gupta,35,Other,Mumbai,2022-06-20
682,Manish Verma,40,Male,Bangalore,2022-07-03
683,Manish Rao,40,Other,Mumbai,2023-06-29
684,Meera Shah,54,Male,Surat,2022-05-27
685,Naveen Chopra,52,Female,Bangalore,2023-01-16
686,Priya Reddy,21,Male,Surat,2022-06-19
687,Aarav Bose,48,Male,Pune,2023-04-23
688,Vikram Singh,39,Other,Bangalore,2022-09-09
689,Priya Sharma,27,Other,Bangalore,2022-03-28
690,Asha Bose,41,Male,Pune,2023-05-30
691,Kiran Shah,24,Female,Chennai,2022-09-08
692,Amit Nair,45,Other,Ahmedabad,2023-05-20
693,Arjun Nair,53,Other,Surat,2022-10-05
694,Ananya Shah,29,Female,Chennai,2023-06-19
695,Divya Singh,29,Other,Mumbai,2023-03-21
696,Kiran Shah,20,Male,Surat,2022-09-05
697,Rekha Malhotra,32,Other,Surat,2022-03-22
698,Rekha Chopra,27,Female,Delhi,2022-07-04
699,Meera Rao,28,Other,Delhi,2023-06-05
700,Arun Rao,46,Male,Chennai,2022-06-12
701,Ananya Reddy,40,Female,Delhi,2022-01-01
702,Priya Verma,46,Other,Kolkata,2022-05-10
703,Sanjay Agarwal,49,Female,Pune,2023-03-01
704,Kiran Kumar,48,Other,Hyderabad,2022-05-07
705,Suresh Reddy,20,Female,Mumbai,2022-09-05
706,Rohan Kumar,22,Female,Bangalore,2022-10-19
707,Pooja Reddy,53,Male,Pune,2023-04-07
708,Swati Chopra,19,Female,Bangalore,2023-04-17
709,Sanjay Agarwal,28,Male,Delhi,2022-09-15
710,Vikram Iyer,44,Other,Jaipur,2023-02-24
711,Rohan Mehta,37,Male,Delhi,2022-02-08
712,Kiran Shah,53,Female,Bangalore,2022-02-12
713,Meera Sharma,45,Male,Chennai,2023-05-30
714,Arun Malhotra,48,Male,Delhi,2022-01-20
715,Vikram Nair,58,Female,Delhi,2023-01-03
716,Asha Kumar,37,Female,Ahmedabad,2023-01-15
717,Sanjay Joshi,23,Other,Jaipur,2022-10-29
718,Pooja Pillai,42,Female,Bangalore,2022-12-13
719,Priya Joshi,46,Female,Chennai,2022-06-25
720,Naveen Joshi,54,Male,Bangalore,2023-06-25
721,Lakshmi Kumar,23,Other,Pune,2023-02-25
722,Nisha Shah,32,Other,Mumbai,2022-10-28
723,Naveen Bose,44,Other,Ahmedabad,2023-03-21
724,Sanjay Gupta,48,Female,Delhi,2022-11-03
725,Sanjay Patel,50,Other,Jaipur,2023-03-20
726,Lakshmi Malhotra,27,Male,Ahmedabad,2022-05-15
727,Pooja Iyer,30,Male,Mumbai,2022-11-25
728,Rahul Agarwal,30,Other,Bangalore,2023-04-08
729,Rohan Rao,22,Male,Kolkata,2023-03-09
730,Kiran Das,38,Female,Jaipur,2022-12-22
731,Rekha Sharma,57,Other,Jaipur,2022-11-22
732,Sneha Agarwal,27,Male,Surat,2023-04-02
733,Manish Kumar,24,Other,Delhi,2022-08-11
734,Asha Das,40,Female,Chennai,2022-10-25
735,Arun Chopra,54,Other,Ahmedabad,2022-01-30
736,Pooja Joshi,43,Male,Surat,2023-04-18
737,Lakshmi Verma,20,Female,Pune,2023-06-21
738,Ananya Patel,48,Female,Pune,2022-01-16
739,Arjun Mehta,37,Female,Ahmedabad,2023-06-25
740,Lakshmi Kumar,32,Male,Chennai,2022-12-11
741,Rajesh Rao,35,Other,Kolkata,2023-04-15
742,Arun Reddy,30,Female,Hyderabad,2022-11-13
743,Sindhu Chopra,51,Female,Mumbai,2023-02-05
744,Pallavi Nair,22,Female,Jaipur,2022-11-10
745,Amit Bose,54,Male,Bangalore,2022-05-30
746,Sanjay Iyer,21,Male,Mumbai,2022-12-21
747,Priya Pillai,30,Female,Pune,2022-12-27
748,Deepak Verma,58,Male,Mumbai,2022-07-07
749,Meera Chopra,56,Female,Bangalore,2023-01-04
750,Manish Das,40,Female,Bangalore,2022-07-20
751,Sindhu Reddy,36,Male,Kolkata,2022-02-08
752,Pooja Shah,31,Male,Hyderabad,2023-06-11
753,Vikram Joshi,59,Female,Jaipur,2022-01-16
754,Asha Sharma,48,Male,Bangalore,2023-04-12
755,Pallavi Sharma,32,Female,Surat,2022-08-26
756,Vijay Joshi,45,Female,Pune,2022-12-23
757,Rohan Iyer,47,Female,Jaipur,2023-04-30
758,Kiran Shah,24,Male,Jaipur,2023-05-30
759,Naveen Pillai,53,Other,Surat,2023-04-19
760,Divya Mehta,24,Female,Delhi,2022-09-19
761,Rohan Rao,35,Female,Chennai,2022-05-27
762,Amit Bose,33,Male,Surat,2022-11-10
763,Lakshmi Rao,26,Other,Mumbai,2023-05-25
764,Riya Mehta,34,Female,Kolkata,2022-10-29
765,Sindhu Patel,55,Other,Surat,2022-05-28
766,Arjun Gupta,52,Other,Ahmedabad,2023-06-06
767,Meera Bose,37,Male,Jaipur,2022-05-21
768,Divya Kumar,48,Male,Chennai,2023-03-11
769,Rajesh Nair,39,Other,Delhi,2022-06-22
770,Meera Gupta,37,Female,Pune,2022-10-16
771,Rohan Shah,36,Female,Delhi,2023-01-01
772,Priya Shah,55,Other,Delhi,2023-01-02
773,Sanjay Iyer,50,Male,Kolkata,2023-02-16
774,Divya Agarwal,21,Male,Bangalore,2022-06-05
775,Arjun Agarwal,54,Female,Bangalore,2022-09-03
776,Asha Nair,23,Female,Pune,2023-05-06
777,Pooja Rao,58,Male,Mumbai,2022-12-18
778,Rohan Iyer,28,Other,Bangalore,2023-01-16
779,Pallavi Reddy,26,Other,Kolkata,2023-05-08
780,Nisha Verma,45,Female,Kolkata,2022-01-04
781,Priya Das,30,Other,Pune,2022-01-11
782,Sanjay Rao,51,Male,Mumbai,2023-06-10
783,Aarav Gupta,32,Other,Pune,2022-08-31
784,Amit Kumar,42,Other,Surat,2022-08-26
785,Pooja Reddy,20,Female,Chennai,2022-12-21
786,Sindhu Bose,56,Other,Pune,2022-12-03
787,Sanjay Singh,39,Female,Pune,2022-05-27
788,Pooja Verma,19,Male,Hyderabad,2022-04-12
789,Vikram Sharma,55,Other,Bangalore,2022-04-06
790,Meera Patel,42,Other,Chennai,2023-02-20
791,Swati Patel,56,Male,Delhi,2023-05-23
792,Naveen Sharma,21,Other,Delhi,2022-11-20
793,Suresh Verma,25,Other,Chennai,2023-01-04
794,Vijay Singh,31,Other,Mumbai,2022-08-22
795,Nisha Kumar,60,Other,Chennai,2023-04-29
796,Swati Singh,44,Male,Jaipur,2023-04-25
797,Sneha Mehta,25,Male,Ahmedabad,2022-06-04
798,Swati Iyer,34,Other,Hyderabad,2022-10-06
799,Vijay Agarwal,36,Male,Mumbai,2023-03-02
800,Riya Iyer,48,Female,Hyderabad,2022-01-03
801,Aarav Reddy,25,Other,Ahmedabad,2022-04-26
802,Rahul Bose,22,Other,Delhi,2022-07-18
803,Arun Gupta,47,Female,Chennai,2022-12-27
804,Priya Kumar,29,Male,Chennai,2022-10-07
805,Pallavi Rao,45,Other,Delhi,2022-03-15
806,Asha Patel,18,Male,Bangalore,2022-09-13
807,Meera Mishra,57,Female,Delhi,2022-10-17
808,Naveen Rao,29,Male,Kolkata,2022-11-07
809,Suresh Joshi,42,Other,Ahmedabad,2022-11-24
810,Arun Nair,25,Male,Mumbai,2022-05-04
811,Sneha Agarwal,55,Female,Surat,2023-06-11
812,Suresh Nair,57,Female,Pune,2023-04-20
813,Aarav Singh,48,Female,Delhi,2022-11-16
814,Suresh Patel,22,Female,Pune,2022-01-10
815,Vijay Bose,54,Other,Surat,2022-06-23
816,Lakshmi Rao,51,Other,Surat,2022-03-15
817,Nisha Gupta,48,Female,Kolkata,2022-04-26
818,Naveen Das,57,Male,Mumbai,2023-05-15
819,Rekha Nair,50,Female,Ahmedabad,2022-05-09
820,Rahul Chopra,38,Male,Pune,2022-08-05
821,Priya Bose,32,Other,Kolkata,2022-11-10
822,Naveen Gupta,23,Female,Ahmedabad,2023-03-22
823,Suresh Reddy,49,Female,Pune,2022-04-03
824,Riya Sharma,24,Female,Kolkata,2022-01-28
825,Kavya Das,18,Male,Surat,2023-04-26
826,Arun Mehta,50,Other,Hyderabad,2023-05-24
827,Lakshmi Mishra,39,Female,Mumbai,2022-06-23
828,Asha Mishra,39,Other,Surat,2023-04-11
829,Riya Pillai,46,Male,Delhi,2023-05-27
830,Ananya Sharma,39,Female,Chennai,2023-03-02
831,Deepak Pillai,24,Male,Bangalore,2023-01-18
832,Amit Agarwal,24,Female,Surat,2022-06-02
833,Vikram Kumar,43,Male,Ahmedabad,2022-05-29
834,Vijay Rao,24,Female,Mumbai,2023-05-07
835,Naveen Shah,25,Female,Ahmedabad,2023-05-27
836,Manish Bose,26,Female,Mumbai,2023-02-16
837,Sindhu Patel,53,Female,Surat,2023-01-11
838,Rekha Bose,29,Other,Surat,2022-05-15
839,Sindhu Singh,24,Female,Surat,2023-04-16
840,Sanjay Rao,50,Female,Kolkata,2023-04-19
841,Rekha Gupta,35,Female,Pune,2022-08-17
842,Suresh Singh,26,Female,Surat,2023-06-28
843,Sanjay Bose,37,Other,Jaipur,2022-09-01
844,Vijay Das,58,Male,Hyderabad,2022-06-12
845,Swati Mehta,40,Other,Bangalore,2023-05-20
846,Pooja Bose,52,Other,Pune,2022-03-31
847,Rajesh Pillai,53,Female,Surat,2023-03-20
848,Lakshmi Agarwal,52,Female,Kolkata,2022-01-10
849,Deepak Kumar,19,Female,Bangalore,2022-02-11
850,Lakshmi Patel,30,Female,Bangalore,2022-08-11
851,Lakshmi Joshi,27,Male,Chennai,2022-06-08
852,Rajesh Das,20,Female,Ahmedabad,2022-03-21
853,Swati Das,32,Other,Jaipur,2022-10-30
854,Ananya Bose,36,Other,Mumbai,2022-10-24
855,Kiran Agarwal,38,Other,Mumbai,2022-01-11
856,Sindhu Joshi,30,Other,Ahmedabad,2022-06-25
857,Rekha Pillai,55,Other,Surat,2022-06-02
858,Rajesh Iyer,36,Female,Bangalore,2023-06-15
859,Rahul Nair,29,Other,Jaipur,2022-04-03
860,Kiran Patel,45,Female,Jaipur,2022-07-25
861,Amit Nair,55,Female,Mumbai,2022-09-14
862,Suresh Singh,20,Male,Pune,2023-04-09
863,Priya Malhotra,60,Female,Ahmedabad,2023-03-21
864,Kavya Pillai,22,Other,Pune,2023-02-13
865,Ananya Nair,51,Male,Jaipur,2022-05-04
866,Nisha Das,52,Female,Delhi,2022-09-29
867,Ananya Iyer,60,Female,Pune,2022-10-08
868,Divya Iyer,57,Other,Ahmedabad,2023-03-13
869,Naveen Sharma,25,Other,Pune,2022-12-13
870,Ananya Malhotra,57,Male,Mumbai,2023-06-15
871,Sanjay Rao,42,Male,Kolkata,2022-07-19
872,Kavya Mehta,19,Other,Pune,2023-02-04
873,Pallavi Bose,46,Female,Mumbai,2022-08-19
874,Sanjay Iyer,38,Other,Delhi,2022-03-16
875,Pooja Das,52,Male,Delhi,2022-06-13
876,Lakshmi Iyer,45,Male,Hyderabad,2023-02-22
877,Naveen Agarwal,59,Male,Bangalore,2022-01-19
878,Suresh Rao,20,Male,Delhi,2022-02-12
879,Pooja Joshi,53,Male,Surat,2022-06-26
880,Rekha Joshi,44,Female,Ahmedabad,2023-05-05
881,Kiran Agarwal,38,Male,Kolkata,2023-06-07
882,Sneha Das,18,Other,Surat,2022-02-19
883,Rajesh Shah,20,Other,Delhi,2022-10-05
884,Rekha Bose,24,Female,Chennai,2023-04-17
885,Rahul Mehta,46,Female,Kolkata,2023-05-29
886,Aarav Chopra,28,Other,Hyderabad,2022-04-16
887,Sindhu Verma,52,Female,Bangalore,2022-08-20
888,Lakshmi Pillai,18,Other,Jaipur,2022-04-20
889,Sneha Patel,18,Other,Surat,2022-11-03
890,Kavya Das,23,Female,Hyderabad,2022-09-25
891,Vikram Agarwal,59,Other,Bangalore,2022-05-06
892,Pooja Gupta,57,Female,Hyderabad,2022-03-31
893,Pooja Shah,21,Other,Ahmedabad,2023-05-16
894,Kavya Reddy,36,Other,Delhi,2022-07-14
895,Sneha Iyer,55,Female,Pune,2022-10-05
896,Amit Gupta,24,Female,Surat,2022-02-24
897,Sanjay Iyer,38,Female,Ahmedabad,2022-09-13
898,Swati Mehta,55,Male,Surat,2023-03-17
899,Meera Rao,45,Male,Mumbai,2022-09-01
900,Ananya Gupta,59,Female,Chennai,2022-10-07
901,Amit Rao,48,Female,Ahmedabad,2022-10-06
902,Rajesh Mehta,49,Other,Delhi,2022-05-17
903,Arun Malhotra,23,Female,Bangalore,2023-02-23
904,Vikram Joshi,58,Male,Delhi,2022-01-15
905,Asha Bose,58,Male,Surat,2023-03-26
906,Kiran Shah,31,Male,Jaipur,2022-07-22
907,Kavya Das,48,Other,Bangalore,2022-10-12
908,Kiran Gupta,55,Other,Chennai,2022-04-14
909,Suresh Bose,50,Male,Kolkata,2022-10-10
910,Deepak Sharma,60,Male,Surat,2023-06-16
911,Pooja Bose,26,Female,Bangalore,2022-05-20
912,Manish Shah,60,Male,Ahmedabad,2022-10-06
913,Priya Gupta,49,Male,Delhi,2022-07-25
914,Meera Gupta,20,Other,Hyderabad,2023-02-07
915,Rekha Pillai,42,Female,Ahmedabad,2022-02-06
916,Priya Rao,24,Other,Jaipur,2023-05-08
917,Naveen Joshi,34,Other,Jaipur,2023-03-19
918,Pooja Verma,59,Female,Pune,2023-04-02
919,Arun Reddy,51,Female,Kolkata,2022-06-23
920,Deepak Verma,40,Female,Ahmedabad,2023-01-10
921,Sanjay Malhotra,18,Other,Bangalore,2022-12-08
922,Pooja Gupta,22,Other,Chennai,2022-06-14
923,Amit Nair,28,Female,Surat,2022-04-02
924,Lakshmi Gupta,44,Female,Delhi,2023-01-10
925,Lakshmi Chopra,48,Male,Surat,2022-05-06
926,Arun Agarwal,19,Male,Mumbai,2022-04-10
927,Manish Shah,28,Male,Jaipur,2022-01-31
928,Sanjay Shah,27,Male,Bangalore,2022-07-20
929,Rekha Nair,51,Female,Surat,2023-03-14
930,Arun Sharma,60,Female,Delhi,2022-06-18
931,Suresh Malhotra,48,Female,Bangalore,2022-06-20
932,Naveen Agarwal,56,Male,Surat,2022-05-22
933,Swati Bose,34,Male,Pune,2022-12-19
934,Swati Shah,22,Male,Kolkata,2022-10-27
935,Amit Kumar,19,Male,Jaipur,2023-01-27
936,Lakshmi Agarwal,27,Other,Delhi,2022-05-18
937,Riya Malhotra,56,Male,Jaipur,2023-01-26
938,Rajesh Kumar,23,Female,Bangalore,2023-04-14
939,Kavya Sharma,59,Female,Jaipur,2022-11-23
940,Meera Patel,51,Female,Hyderabad,2023-01-10
941,Pallavi Verma,40,Other,Surat,2022-03-17
942,Nisha Singh,34,Female,Hyderabad,2022-03-07
943,Divya Malhotra,52,Female,Chennai,2022-05-27
944,Aarav Sharma,54,Other,Delhi,2023-02-08
945,Aarav Verma,59,Male,Pune,2022-11-14
946,Meera Kumar,27,Female,Surat,2022-07-17
947,Rohan Das,45,Other,Pune,2023-04-21
948,Rohan Verma,31,Female,Jaipur,2023-03-10
949,Riya Nair,41,Other,Jaipur,2023-01-11
950,Rohan Mehta,54,Female,Kolkata,2022-04-18
951,Asha Kumar,32,Female,Bangalore,2022-03-19
952,Vikram Bose,43,Female,Jaipur,2023-04-22
953,Vijay Patel,28,Female,Mumbai,2022-03-12
954,Naveen Singh,48,Other,Kolkata,2022-03-10
955,Rahul Joshi,32,Female,Delhi,2023-04-19
956,Priya Verma,43,Other,Jaipur,2022-08-11
957,Vijay Malhotra,21,Male,Ahmedabad,2022-12-07
958,Aarav Iyer,60,Other,Chennai,2022-06-01
959,Priya Malhotra,50,Other,Hyderabad,2023-04-23
960,Pooja Patel,41,Male,Mumbai,2022-05-03
961,Rahul Joshi,43,Female,Kolkata,2022-11-11
962,Manish Iyer,51,Male,Delhi,2022-03-12
963,Kavya Mehta,53,Other,Pune,2022-09-27
964,Naveen Joshi,32,Other,Hyderabad,2022-12-20
965,Rekha Verma,54,Male,Chennai,2022-05-16
966,Nisha Bose,24,Other,Delhi,2023-01-26
967,Divya Rao,25,Other,Chennai,2023-02-22
968,Naveen Shah,34,Other,Ahmedabad,2022-10-20
969,Manish Chopra,33,Female,Ahmedabad,2023-06-14
970,Suresh Shah,19,Female,Delhi,2022-07-20
971,Rahul Verma,58,Male,Hyderabad,2022-09-03
972,Nisha Pillai,51,Other,Mumbai,2023-06-29
973,Naveen Joshi,33,Female,Delhi,2022-11-06
974,Lakshmi Rao,22,Other,Bangalore,2023-01-06
975,Arjun Pillai,31,Other,Chennai,2022-05-22
976,Sindhu Iyer,49,Other,Hyderabad,2022-07-02
977,Sindhu Gupta,34,Male,Hyderabad,2022-06-07
978,Naveen Gupta,57,Female,Bangalore,2022-03-24
979,Sneha Reddy,60,Female,Surat,2022-01-06
980,Rajesh Das,20,Female,Pune,2023-04-28
981,Arjun Chopra,54,Female,Ahmedabad,2022-05-23
982,Rajesh Bose,35,Female,Hyderabad,2023-03-24
983,Amit Patel,51,Female,Ahmedabad,2023-02-25
984,Priya Bose,40,Female,Bangalore,2022-12-22
985,Sneha Bose,47,Female,Mumbai,2022-01-10
986,Lakshmi Iyer,42,Other,Delhi,2022-09-10
987,Meera Malhotra,34,Male,Jaipur,2022-07-24
988,Ananya Joshi,48,Other,Pune,2022-10-12
989,Pooja Chopra,45,Male,Kolkata,2023-06-29
990,Rajesh Pillai,41,Female,Chennai,2022-12-17
991,Pooja Shah,26,Other,Hyderabad,2022-03-19
992,Sindhu Joshi,33,Other,Kolkata,2022-10-23
993,Vikram Singh,27,Female,Mumbai,2022-05-18
994,Nisha Chopra,26,Other,Jaipur,2023-02-19
995,Sindhu Rao,49,Female,Chennai,2023-03-13
996,Asha Shah,21,Female,Delhi,2023-06-21
997,Pooja Patel,31,Female,Ahmedabad,2023-05-05
998,Sneha Mishra,39,Female,Pune,2022-10-07
999,Kavya Das,34,Female,Mumbai,2022-11-16
1000,Sneha Pillai,56,Male,Surat,2023-03-24
